Date,Name,Year,Letterboxd URI
2024-01-08,The Iron Claw,2023,https://boxd.it/w5Pm
2024-01-31,Come and See,1985,https://boxd.it/1w9q
2024-01-31,The Godfather Part II,1974,https://boxd.it/2aNq
2024-01-31,The Pianist,2002,https://boxd.it/2aqc
2024-01-31,One Flew Over the Cuckoo's Nest,1975,https://boxd.it/2aeA
2024-01-31,Life Is Beautiful,1997,https://boxd.it/29Wm
2024-01-31,Amadeus,1984,https://boxd.it/2aH8
2024-01-31,An Elephant Sitting Still,2018,https://boxd.it/i1EQ
2024-01-31,Django Unchained,2012,https://boxd.it/2cCk
2024-01-31,Saving Private Ryan,1998,https://boxd.it/29ro
2024-01-31,The Green Mile,1999,https://boxd.it/2agG
2024-01-31,Schindler's List,1993,https://boxd.it/2aq2
2024-02-01,Killers of the Flower Moon,2023,https://boxd.it/gHp0
2024-02-01,Drive,2011,https://boxd.it/IG
2024-02-07,12 Angry Men,1957,https://boxd.it/2auI
2024-02-07,Spirited Away,2001,https://boxd.it/2b4m
2024-02-07,The Iron Giant,1999,https://boxd.it/1Wow
2024-02-29,The Favourite,2018,https://boxd.it/d2hI
2024-03-07,Dallas Buyers Club,2013,https://boxd.it/4O8G
2024-03-08,Killer Joe,2011,https://boxd.it/2vtQ
2024-03-08,A Time to Kill,1996,https://boxd.it/28pc
2024-03-08,The Last Temptation of Christ,1988,https://boxd.it/1ULe
2024-03-08,Vortex,2021,https://boxd.it/uoni
2024-03-24,Wonka,2023,https://boxd.it/tCQm
2024-04-05,Everything Everywhere All at Once,2022,https://boxd.it/jUk4
2024-04-05,Enola Holmes 2,2022,https://boxd.it/vfDe
2024-04-05,RRR,2022,https://boxd.it/ljDs
2024-04-05,Marriage Story,2019,https://boxd.it/hJAw
2024-04-05,Beasts of No Nation,2015,https://boxd.it/8Lp8
2024-04-05,Brokeback Mountain,2005,https://boxd.it/2b2q
2024-04-05,The Pale Blue Eye,2022,https://boxd.it/u8tk
2024-04-05,Once Upon a Time... in Hollywood,2019,https://boxd.it/gH0O
2024-04-05,The Little Things,2021,https://boxd.it/mdxU
2024-04-05,The Big Short,2015,https://boxd.it/ajZw
2024-04-05,The Revenant,2015,https://boxd.it/8H5e
2024-04-05,Blade Runner,1982,https://boxd.it/2bcA
2024-04-05,Blade Runner 2049,2017,https://boxd.it/b8wK
2024-04-05,Ray,2004,https://boxd.it/28km
2024-04-05,Kelce,2023,https://boxd.it/IjGs
2024-04-05,Belfast,2021,https://boxd.it/tefG
2024-04-05,12 Years a Slave,2013,https://boxd.it/2D2e
2024-04-05,Brothers,2009,https://boxd.it/20WW
2024-04-05,Jarhead,2005,https://boxd.it/70m
2024-04-05,Southpaw,2015,https://boxd.it/9Phu
2024-04-05,House of Gucci,2021,https://boxd.it/nVkC
2024-04-05,The 355,2022,https://boxd.it/iWI6
2024-04-05,The Zodiac,2005,https://boxd.it/1U4O
2024-04-05,Snowpiercer,2013,https://boxd.it/3Icg
2024-04-05,The Big Lebowski,1998,https://boxd.it/2b6C
2024-04-05,Legend,2015,https://boxd.it/8qZY
2024-04-05,Jungle Cruise,2021,https://boxd.it/g4YK
2024-04-05,The Eyes of Tammy Faye,2021,https://boxd.it/mbB6
2024-04-05,Bad Times at the El Royale,2018,https://boxd.it/fSA2
2024-04-05,Nightmare Alley,2021,https://boxd.it/m0HC
2024-04-05,The Lord of the Rings: The Two Towers,2002,https://boxd.it/2b5E
2024-04-05,The Lord of the Rings: The Return of the King,2003,https://boxd.it/2b5u
2024-04-05,Reminiscence,2021,https://boxd.it/lhMM
2024-04-05,Don't Worry Darling,2022,https://boxd.it/mViu
2024-04-05,Elvis,2022,https://boxd.it/mK4w
2024-04-05,Doctor Sleep,2019,https://boxd.it/i5vI
2024-04-05,King Richard,2021,https://boxd.it/mJZ2
2024-04-05,The Matrix,1999,https://boxd.it/2a1m
2024-04-05,The Matrix Reloaded,2003,https://boxd.it/2a1c
2024-04-05,The Matrix Revolutions,2003,https://boxd.it/2a12
2024-04-05,The Matrix Resurrections,2021,https://boxd.it/n87k
2024-04-05,The Whale,2022,https://boxd.it/tw4c
2024-04-05,The Fabelmans,2022,https://boxd.it/ugoM
2024-04-05,The Lobster,2015,https://boxd.it/7tnw
2024-04-05,The Killing of a Sacred Deer,2017,https://boxd.it/dZ5G
2024-04-05,Notting Hill,1999,https://boxd.it/2aeK
2024-04-08,Dawn of the Dead,1978,https://boxd.it/29gU
2024-04-08,Day of the Dead,1985,https://boxd.it/20dM
2024-04-09,The Girl with the Dragon Tattoo,2011,https://boxd.it/2Pa
2024-04-09,The Passion of Joan of Arc,1928,https://boxd.it/29DO
2024-04-09,Nomadland,2020,https://boxd.it/lnRy
2024-04-09,CODA,2021,https://boxd.it/tbf4
2024-04-10,Apocalypse Now,1979,https://boxd.it/6ZS
2024-04-12,Kingdom of Heaven,2005,https://boxd.it/28Gs
2024-04-17,V/H/S,2012,https://boxd.it/2Y1c
2024-04-17,Troll Hunter,2010,https://boxd.it/NQY
2024-04-18,The Lighthouse,2019,https://boxd.it/icFU
2024-04-18,The Blair Witch Project,1999,https://boxd.it/26ua
2024-04-18,The Northman,2022,https://boxd.it/nK2s
2024-04-20,Anatomy of a Murder,1959,https://boxd.it/2baa
2024-04-20,Lawrence of Arabia,1962,https://boxd.it/2wRE
2024-04-25,Incendies,2010,https://boxd.it/Msm
2024-04-25,Sicario: Day of the Soldado,2018,https://boxd.it/e4fG
2024-05-09,The Birds,1963,https://boxd.it/2a6m
2024-05-16,"Good Morning, Vietnam",1987,https://boxd.it/29Aq
2024-05-19,Dogville,2003,https://boxd.it/2a8W
2024-05-26,Warrior,2011,https://boxd.it/i3G
2024-06-28,There Will Be Blood,2007,https://boxd.it/20Z2
2024-06-29,The Place Beyond the Pines,2012,https://boxd.it/3mDu
2024-06-29,The Father,2020,https://boxd.it/m8Ie
2024-07-05,Prisoners,2013,https://boxd.it/4E5i
2024-07-05,The Black Phone,2021,https://boxd.it/sqFE
2024-07-05,Sin City,2005,https://boxd.it/2aVk
2024-07-08,Straight Outta Compton,2015,https://boxd.it/8rMc
2024-07-09,Portrait of a Lady on Fire,2019,https://boxd.it/jkPq
2024-07-11,Love Lies Bleeding,2024,https://boxd.it/zN4q
2024-07-23,Longlegs,2024,https://boxd.it/KzLM
2024-08-10,Lady Bird,2017,https://boxd.it/dGNE
2024-08-10,Youth,2015,https://boxd.it/9Y7S
2024-08-13,Captain Fantastic,2016,https://boxd.it/b2K2
2024-08-14,The Usual Suspects,1995,https://boxd.it/29XE
2024-08-15,Pig,2021,https://boxd.it/nzoW
2024-08-19,Abigail,2024,https://boxd.it/G0NA
2024-08-21,A Quiet Place Part II,2020,https://boxd.it/iTx0
2024-08-23,Aftersun,2022,https://boxd.it/Arw0
2024-08-24,The Last Duel,2021,https://boxd.it/mQbe
2024-08-24,At Eternity's Gate,2018,https://boxd.it/hI40
2024-08-28,The House That Jack Built,2018,https://boxd.it/dWO4
2024-08-28,Melancholia,2011,https://boxd.it/bPI
2024-08-28,Children of Men,2006,https://boxd.it/1Y2i
2024-08-28,Suspiria,1977,https://boxd.it/1SNW
2024-08-28,Suspiria,2018,https://boxd.it/cioI
2024-08-28,Amélie,2001,https://boxd.it/2aUc
2024-08-29,Kinds of Kindness,2024,https://boxd.it/CWPw
2024-08-30,Nosferatu,1922,https://boxd.it/29TM
2024-08-30,The Day After Tomorrow,2004,https://boxd.it/2aog
2024-08-30,The Phantom of the Opera,2004,https://boxd.it/1XHu
2024-08-30,Pride & Prejudice,2005,https://boxd.it/24u8
2024-08-30,Wedding Crashers,2005,https://boxd.it/1Yte
2024-08-31,Licorice Pizza,2021,https://boxd.it/qTKY
2024-08-31,Being John Malkovich,1999,https://boxd.it/2ahu
2024-08-31,Pearl,2022,https://boxd.it/zPbe
2024-08-31,MaXXXine,2024,https://boxd.it/CIM4
2024-08-31,All of Us Strangers,2023,https://boxd.it/Bz3C
2024-09-01,Birdman or (The Unexpected Virtue of Ignorance),2014,https://boxd.it/5RFA
2024-09-06,Airplane!,1980,https://boxd.it/29yu
2024-09-07,Labyrinth,1986,https://boxd.it/1POC
2024-09-07,Pain and Glory,2019,https://boxd.it/iOBQ
2024-09-07,Beau Is Afraid,2023,https://boxd.it/u2gE
2024-09-08,Hairspray,2007,https://boxd.it/261M
2024-09-10,The Banshees of Inisherin,2022,https://boxd.it/p7XS
2024-09-10,Joy,2015,https://boxd.it/8kEU
2024-09-10,Silver Linings Playbook,2012,https://boxd.it/2TTo
2024-09-10,GoodFellas,1990,https://boxd.it/29FA
2024-09-11,Us,2019,https://boxd.it/gnV6
2024-09-11,Pulp Fiction,1994,https://boxd.it/29Pq
2024-09-11,Isle of Dogs,2018,https://boxd.it/dZrW
2024-09-11,Asteroid City,2023,https://boxd.it/s3ds
2024-09-11,The Wonderful Story of Henry Sugar,2023,https://boxd.it/yNyo
2024-09-11,The Life Aquatic with Steve Zissou,2004,https://boxd.it/2aqw
2024-09-11,Bottle Rocket,1996,https://boxd.it/1PDa
2024-09-11,V for Vendetta,2005,https://boxd.it/29Ik
2024-09-11,In Bruges,2008,https://boxd.it/20n8
2024-09-12,Loving Vincent,2017,https://boxd.it/biIQ
2024-09-12,The Thing,1982,https://boxd.it/294O
2024-09-12,Bad Education,2004,https://boxd.it/2b2K
2024-09-13,Icarus: The Aftermath,2022,https://boxd.it/CxdM
2024-09-14,Network,1976,https://boxd.it/1VqG
2024-09-18,The Town,2010,https://boxd.it/1zyS
2024-09-20,Speak No Evil,2024,https://boxd.it/G9f8
2024-09-22,Magnolia,1999,https://boxd.it/2aze
2024-09-22,Phantom Thread,2017,https://boxd.it/e4uc
2024-09-22,Boogie Nights,1997,https://boxd.it/23um
2024-09-22,My Left Foot: The Story of Christy Brown,1989,https://boxd.it/1WW4
2024-09-23,Don Jon,2013,https://boxd.it/4sdk
2024-09-24,The Substance,2024,https://boxd.it/zanS
2024-09-26,The Death of Stalin,2017,https://boxd.it/ea9Y
2024-09-28,The Tragedy of Macbeth,2021,https://boxd.it/lMi4
2024-09-28,Atonement,2007,https://boxd.it/24ui
2024-09-28,Big Eyes,2014,https://boxd.it/36ms
2024-09-29,Quiz Show,1994,https://boxd.it/1TPa
2024-09-29,Enemy at the Gates,2001,https://boxd.it/29s2
2024-09-29,Megalopolis,2024,https://boxd.it/lPBS
2024-10-01,Pacific Rim,2013,https://boxd.it/2cB2
2024-10-04,Drive-Away Dolls,2024,https://boxd.it/A8vi
2024-10-04,Slumdog Millionaire,2008,https://boxd.it/1S3E
2024-10-05,Invasion of the Body Snatchers,1978,https://boxd.it/1SWk
2024-10-05,The Apartment,1960,https://boxd.it/2aGE
2024-10-05,The Hustler,1961,https://boxd.it/298G
2024-10-05,Some Like It Hot,1959,https://boxd.it/2aNA
2024-10-05,Casablanca,1942,https://boxd.it/2aG0
2024-10-05,Rear Window,1954,https://boxd.it/2a6Q
2024-10-05,Vertigo,1958,https://boxd.it/2apI
2024-10-05,Rosemary's Baby,1968,https://boxd.it/29zM
2024-10-05,Manhattan,1979,https://boxd.it/29Na
2024-10-05,Annie Hall,1977,https://boxd.it/29M2
2024-10-05,Touch of Evil,1958,https://boxd.it/28II
2024-10-05,A Trip to the Moon,1902,https://boxd.it/29EC
2024-10-06,What Have I Done to Deserve This?,1984,https://boxd.it/20t6
2024-10-06,Tie Me Up! Tie Me Down!,1989,https://boxd.it/26FW
2024-10-06,Volver,2006,https://boxd.it/2aQO
2024-10-06,The Quiet Man,1952,https://boxd.it/25Iq
2024-10-06,All About Eve,1950,https://boxd.it/29LI
2024-10-06,Last Year at Marienbad,1961,https://boxd.it/24Qe
2024-10-06,Detachment,2011,https://boxd.it/2BiY
2024-10-06,The Wild Robot,2024,https://boxd.it/IWFy
2024-10-06,Perfect Days,2023,https://boxd.it/ATh8
2024-10-07,Down a Dark Hall,2018,https://boxd.it/eULu
2024-10-07,The 47,2024,https://boxd.it/IvNU
2024-10-07,Serpico,1973,https://boxd.it/1ZjE
2024-10-07,Used Cars,1980,https://boxd.it/1O1k
2024-10-07,Last Train from Gun Hill,1959,https://boxd.it/1NAS
2024-10-07,The Wild Bunch,1969,https://boxd.it/2a5y
2024-10-07,Gone with the Wind,1939,https://boxd.it/29Fq
2024-10-08,Zelig,1983,https://boxd.it/1UOC
2024-10-08,F for Fake,1973,https://boxd.it/VxA
2024-10-08,Forgotten Silver,1995,https://boxd.it/1h88
2024-10-08,Blade II,2002,https://boxd.it/1agO
2024-10-08,Raging Bull,1980,https://boxd.it/28yI
2024-10-08,The Departed,2006,https://boxd.it/28MA
2024-10-08,Casino,1995,https://boxd.it/2ads
2024-10-08,Brooklyn,2015,https://boxd.it/5bdk
2024-10-09,Psycho,1998,https://boxd.it/1Ugg
2024-10-09,Paris Je T'aime,2006,https://boxd.it/273a
2024-10-09,Red Lights,2012,https://boxd.it/2Bvo
2024-10-10,50/50,2011,https://boxd.it/10Tw
2024-10-11,Interview with the Vampire,1994,https://boxd.it/29XO
2024-10-14,Last Night in Soho,2021,https://boxd.it/lbJC
2024-10-14,The Exorcist,1973,https://boxd.it/1Yoo
2024-10-14,The French Connection,1971,https://boxd.it/296g
2024-10-14,Ferris Bueller's Day Off,1986,https://boxd.it/1YPY
2024-10-15,Days of Heaven,1978,https://boxd.it/1JRg
2024-10-17,Boiling Point,2021,https://boxd.it/uo2u
2024-10-17,Saturday Night,2024,https://boxd.it/Gpfo
2024-10-18,A House On Fire,2024,https://boxd.it/Kffw
2024-10-19,The Fifth Element,1997,https://boxd.it/71k
2024-10-20,The Art of Self-Defense,2019,https://boxd.it/hf5y
2024-10-20,Guardians,2017,https://boxd.it/bY7s
2024-10-20,Lenny,1974,https://boxd.it/1sym
2024-10-20,Some Time Later,2018,https://boxd.it/jro2
2024-10-20,Fresh,2022,https://boxd.it/tCNi
2024-10-20,Pleasure,2021,https://boxd.it/lPcy
2024-10-20,Cervantes versus Lope,2016,https://boxd.it/fpvM
2024-10-20,Saint Maud,2019,https://boxd.it/l8QA
2024-10-20,Naked Lunch,1991,https://boxd.it/26ow
2024-10-20,Something Is About to Happen,2023,https://boxd.it/vf5w
2024-10-23,Phone Booth,2002,https://boxd.it/285G
2024-10-23,The Social Network,2010,https://boxd.it/17ue
2024-10-24,Alice in Wonderland,2010,https://boxd.it/1Spq
2024-10-24,Alice Through the Looking Glass,2016,https://boxd.it/75Yo
2024-10-24,Sleepy Hollow,1999,https://boxd.it/26u0
2024-10-24,The Graduate,1967,https://boxd.it/18Im
2024-10-24,Room,2015,https://boxd.it/7T0y
